MONTHS,RENTS,TAXES,INSURANCE,MAINTENANCE,HOA,UTILITIES
Oct 2025,"$2,400.00",,,$150.00,$285.00,$82.40
Nov 2025,"$2,400.00",,"$1,380.00",,$285.00,$95.10
Dec 2025,"$2,400.00","$3,150.00",,$640.00,$285.00,$128.75
Jan 2026,"$2,400.00",,,$95.00,$285.00,$141.20
Feb 2026,"$2,400.00",,,,$285.00,$133.60
Mar 2026,$0.00,,,"$1,850.00",$285.00,$64.30
Apr 2026,"$2,500.00",,,($120.00),$285.00,
May 2026,"$2,500.00",,,$210.00,$285.00,
Jun 2026,"$2,500.00","$3,150.00",,,$285.00,
Jul 2026,"$2,500.00",,,$380.00,$285.00,
Aug 2026,"$2,500.00",,,$75.00,$310.00,
Sep 2026,"$2,500.00",,,,$310.00,
TOTAL,"$27,000.00","$6,300.00","$1,380.00","$3,280.00","$3,470.00",$645.35
